location_name,judgement,action
Stone Town,The review highlights safety concerns regarding missing life jackets and poor service due to disorganized and unprofessional tour guides causing delays.,Provide life jackets for all passengers on the Prison Island boat ride.; Improve tour guide training to ensure professionalism and better time management.; Optimize the itinerary to prevent delays that negatively impact subsequent stops like Stone Town.
Stone Town,"The reviewer complained that the guide for the Prison Island and Stone Town tour was unengaging, spent time on his phone, and provided little information, while also noting the cumulative cost of tipping multiple staff members.",Train guides to maintain professional engagement and avoid using personal phones during tours.; Ensure guides provide comprehensive historical and factual information rather than just escorting guests.; Review pricing structure or communication to better manage guest expectations regarding multiple tipping requirements.
Zanzibar,The reviewer complains about the tour guide's lack of enthusiasm and poor communication regarding the inclusion of other people in the tour.,"Provide training for tour guides on maintaining high energy and enthusiasm throughout the excursion.; Implement a clear communication protocol to explain to clients why other individuals (e.g., family members or additional guests) are included in the tour."
Stone Town,"The driver drastically shortened activity times compared to the description and attempted to sell private tours, creating an unprofessional experience.",Enforce strict adherence to advertised activity durations (turtles/aquarium and horse riding).; Implement policies prohibiting drivers from soliciting private tours or additional services during the booked experience.; Train drivers on professional conduct and customer service standards.
Stone Town,"The tour failed to provide the promised pickup, the guide was uncommunicative and abandoned the group, and the operator ignored refund requests for a service that was not delivered as described.","Ensure reliable pickup services as advertised or clearly communicate alternatives in advance.; Train guides on communication skills and professional conduct, including staying with the group until the end of the tour.; Establish a clear and responsive refund/dispute resolution process for customers when services are not delivered as promised.; Verify that food costs are covered as stated in the tour package to avoid unexpected charges for customers."
Stone Town,"The reviewer complains about the guide's lack of knowledge and energy in the afternoon, a rushed Stone Town tour with no explanations, and aggressive tipping culture.","Provide comprehensive training and briefing materials to guides to ensure they are well-informed about all sites, including Stone Town landmarks.; Implement a more structured and slower-paced itinerary for Stone Town to allow for detailed explanations and a better visitor experience.; Establish clear policies regarding tipping to prevent staff from pressuring or obliging customers to tip for basic services.; Monitor guide performance and energy levels throughout the day to ensure consistent engagement and service quality."
Stone Town,"The reviewer expresses disappointment with the Stone Town tour due to overcrowding, harassment of female tourists, and a guide who made sexist jokes and provided unclear explanations.","Train guides on professional conduct, cultural sensitivity, and the importance of avoiding sexist or inappropriate humor.; Develop strategies to manage crowd density in Stone Town, such as visiting during off-peak hours or selecting less congested routes.; Implement safety protocols and briefings for female tourists regarding potential harassment in specific areas like the fish market.; Improve guide communication skills to ensure explanations are clear, engaging, and inclusive for all visitors."
Niamembe Island,"The review highlights significant delays, missing amenities (fruits), inferior food quality compared to other groups, and inaccurate itinerary information.",Improve scheduling and communication to prevent long waits for boats.; Ensure all groups receive the promised amenities (fruits) at sand banks.; Standardize lunch portions and quality across all groups.; Correct itinerary descriptions and ensure guides provide accurate information about destinations.
Kwale Island,"The reviewer cites poor organization, excessive waiting times, lack of information, and feels the price was not justified by the experience.",Improve tour organization and time management to avoid excessive waits.; Provide more detailed information and schedules to guests during the tour.; Re-evaluate pricing or enhance the experience to better justify the cost.
Zanzibar,The reviewer complains about a long wait time at the port and notes that the guide did not provide any educational information about the locations.,Reduce wait times at the port before departure.; Train guides to provide informative commentary about Zanzibar and visited locations.
Stone Town,"The review highlights poor guide engagement, lack of enthusiasm, inadequate attention to guest comfort (water/restrooms), and inappropriate music choices that detracted from the experience.","Train guides to be more engaging, maintain eye contact, and personalize the tour to guests' interests rather than being perfunctory.; Implement a protocol to proactively offer water and suggest restroom breaks during walking tours, especially in hot weather.; Curate a playlist of culturally appropriate and respectful music for vehicle rides, avoiding content that may be jarring or offensive to tourists.; Ensure guides and drivers make an effort to include guests in conversation during transit rather than excluding them."
Stone Town,The review points out significant safety concerns regarding the manual lifting of a wheelchair user onto a boat and a lack of reasonable accessibility for the tour.,Provide proper equipment or training for safely transferring wheelchair users onto boats to prevent injury risks.; Clearly communicate accessibility limitations in marketing materials to set accurate expectations for guests with mobility issues.; Identify and prepare accessible routes or alternative stops for wheelchair users to ensure a safer and more inclusive experience.
Stone Town,"The tour was falsely advertised as wheelchair accessible, leading to significant difficulties for mobility-impaired guests, unfulfilled promises of alternatives, and a lack of customer service response.",Audit and correct marketing materials to accurately reflect accessibility features and surface conditions.; Implement a protocol for guides to proactively arrange alternative transport or activities for guests with mobility issues when standard routes are inaccessible.; Ensure drivers remain on standby or are easily retrievable for the duration of the tour to accommodate guests with limited mobility.; Establish a clear customer service response protocol to address complaints and refund requests promptly.
Stone Town,"The tour did not match the advertised description, lacked a prepared itinerary, and involved unexpected multiple tipping requirements and poor meal planning.","Ensure the actual tour itinerary strictly matches the description provided on booking platforms like Viator.; Train guides to have a prepared, structured itinerary for Stone Town rather than asking guests what they want to see.; Clearly disclose in the tour description that local guides at each stop require separate tips.; Implement a scheduled lunch break or provide clear guidance on where to eat during the tour."
Stone Town,"The tour failed to deliver advertised snorkeling opportunities, the Stone Town guide lacked historical depth, and basic amenities like water were not provided.","Update marketing materials to accurately reflect the availability and quality of snorkeling spots, or remove the claim if not feasible.; Provide additional training for Stone Town guides to ensure they offer detailed historical context.; Include complimentary water or clearly state that guests must purchase their own hydration."
Zanzibar,"The reviewer found the tour itinerary uninteresting and redundant, noting that the spice farm and Prison Island visits could be done independently or with cheaper local guides, and that the Stone Town view was not the best.",Revise the tour itinerary to include more unique or high-value attractions that cannot be easily accessed independently.; Improve the selection of viewpoints for Stone Town to ensure better visual experiences.; Enhance the value proposition of the guided tour compared to self-guided or local farm-specific tours.
Zanzibar,"The tour guide was unprofessional, expressed dislike for the job, provided minimal information, and failed to perform his duties effectively, resulting in a very poor experience.","Conduct a performance review and retraining for the guide named Ibrahim regarding professionalism and customer service.; Implement stricter quality control checks on guide enthusiasm and knowledge delivery.; Address the issue of guides asking tourists for navigation help, which undermines their role as experts."
Stone Town,The reviewer expressed frustration with the high number of tips required at the spice farm and the lack of option to include snorkeling in the tour.,Regulate or clarify the tipping culture at the spice farm to prevent excessive solicitation by staff.; Add snorkeling as an optional add-on or included activity in the tour package.
Stone Town,"The reviewer found the Stone Town portion of the tour overwhelming and unsafe due to heavy crowds and traffic, and felt the Prison Island stop was underwhelming compared to the buildup.",Reroute the Stone Town walking segment to avoid the most congested market areas or provide clearer safety guidance for navigating crowds and motorbikes.; Adjust marketing materials to set realistic expectations for the duration and scope of the Prison Island visit.; Provide better onboarding or pairing strategies for new guides to help them engage with guests more effectively from the start.
Stone Town,"The reviewer complains about the guide's lack of enthusiasm and information at Prison Island and Stone Town, as well as a significant delay caused by the driver's illegal parking.","Implement stricter guidelines for guides to ensure active engagement and detailed commentary at all tour stops, particularly Prison Island and Stone Town.; Train drivers on local parking regulations to avoid fines and delays.; Establish a protocol for handling unexpected vehicle issues to minimize customer wait times."
Zanzibar,The reviewer states the tour lost momentum after noon and failed to meet expected professional standards due to a lack of focused training.,Develop and implement focused training programs for guides to maintain energy and quality throughout the entire duration of the tour.; Review tour pacing to ensure consistent engagement after the midday break.
Stone Town,"The reviewer experienced unexpected tipping demands from locals, a language barrier with the driver, and a lack of prior information regarding meeting points and currency requirements.","Provide guests with a pre-tour briefing on local customs, specifically regarding tipping expectations at Spice Island.; Ensure drivers or guides communicate clearly in English or provide a written itinerary with meeting points to avoid confusion.; Advise guests in advance to carry local currency (shillings) for vendors in Stone Town who do not accept foreign cards or dollars."
Stone Town,"The driver exhibited aggressive driving causing physical pain, engaged in unprofessional behavior (phone use, inappropriate videos), and failed to provide any commentary or engagement, while the guide was described as low-effort.","Implement strict safety protocols and training for drivers regarding speed and defensive driving.; Enforce a no-phone policy for drivers during active tours to ensure passenger safety and attention.; Prohibit the playback of inappropriate media in vehicles, especially when minors are present.; Train guides to provide more engaging, high-effort commentary to enhance the cultural experience."
Stone Town,"The review highlights a slow and unreliable boat, an unengaged tour guide who left the group unsupervised, and a lack of proactive communication regarding pickup details.",Investigate and replace or repair the slow boat engine to ensure reliable transportation.; Train tour guides to be more engaging and provide continuous commentary rather than leaving guests to explore alone.; Implement a mandatory pre-tour communication protocol to confirm pickup times and details with customers.
Stone Town,"The customer was unable to participate in the walking tour due to a lack of prior information regarding local dress codes, leading to disappointment.",Update booking confirmations and pre-tour emails to explicitly advise customers on appropriate dress codes for Stone Town.; Provide clear guidelines on cultural expectations and required clothing layers for all guests.
Stone Town,"The review describes the Prison Island and Stone Town tours as disappointing due to minimal guidance, lack of historical information, and feeling like the experience was reduced to a drop-off service.",Ensure guides provide comprehensive historical and cultural commentary during Stone Town and Prison Island tours.; Restructure the Prison Island itinerary to include more guided interaction and educational content rather than just drop-offs.; Clarify the tipping policy or structure to avoid the perception of excessive tipping demands at the end of the spice tour.
Stone Town,The reviewer expressed dissatisfaction with the quality of the spice farm visit and found the boat ride to be bumpy.,"Improve the quality and content of the spice farm tour experience.; Assess the safety and comfort of the boat used for the Prison Island transfer, potentially upgrading to a larger or more stable vessel."
Stone Town,"The reviewer complained about an unexpected and unfair charge for the guide's lunch, which was not disclosed in advance.","Implement a clear policy regarding guide meals during tours, ensuring costs are either covered by the operator or explicitly disclosed to customers beforehand.; Train guides on professional conduct regarding shared meals to avoid billing customers for their own expenses."
Zanzibar,"The reviewer found the tour uninteresting, criticized the overcrowding at Prison Island, and stated the price was not worth the experience.",Implement crowd management strategies or timed entry slots for Prison Island to reduce overcrowding.; Enhance the Spice Farm experience by adding more interactive elements or educational depth to differentiate it from a standard botanical garden.; Review pricing strategy to better align with the perceived value of the tour compared to competitors.
Stone Town,"The reviewer complains that the tour information is inaccurate, the activity order is incorrect, and water was not provided.",Update the tour description to accurately reflect the current itinerary and activity order.; Ensure water is provided to clients or clearly state in the booking that they must bring their own.
Mikumi National Park,"The tour was advertised as being offered in German, but no German-speaking guide was provided, causing inconvenience for a partner who does not speak English well.","Ensure that if a tour is advertised as available in a specific language (e.g., German), a guide fluent in that language is assigned to the group.; Update marketing materials to accurately reflect the languages actually available for the tour if specific language guides are not guaranteed."
Mnemba,"The dhow cruise portion of the tour was overcrowded, making it impossible to move comfortably and requiring passengers to sit with bent legs.",Enforce strict capacity limits on dhow boats to ensure adequate space for passengers.; Monitor boat loading to prevent overcrowding that compromises passenger comfort and safety.
Mnemba,"The review highlights significant safety hazards (rusty ladder, fragile dinghy), misleading marketing (no sailing or Mnemba Island visit), and poor value for money.","Replace the rusty ladder with a safe, modern boarding system to prevent injury.; Ensure the vessel used is structurally sound and not described as 'fragile' or 'old' to ensure passenger safety.; Correct marketing materials to accurately reflect that there is no sailing and no visit to Mnemba Island.; Restructure the tour to provide adequate time in the water or reduce the number of boats to improve the dolphin-watching experience."
Nungwi Beach,"The reviewer describes the tour as a waste of time, citing an incompetent guide, unsafe equipment practices, and a chaotic, poorly managed dolphin chase.","Train tour guides on professional conduct, including proper check-in procedures and clear communication with clients.; Ensure all necessary safety equipment (fins) is available and provided without requiring customers to argue for it.; Improve the dolphin-watching protocol to avoid chaotic 'chasing' behavior that scares the animals and frustrates guests.; Enhance the beach stops with more meaningful engagement or information rather than brief, superficial visits."
Stone Town,"The reviewer experienced deceptive practices regarding weather conditions, was forced to participate in an unsuitable excursion, and received an inadequate partial refund.",Implement strict weather monitoring protocols to accurately assess conditions before confirming excursions.; Train staff on honest communication regarding weather risks and safety to prevent deceptive claims.; Revise refund policies to ensure full refunds are issued when excursions are cancelled or rendered unusable due to weather or company error.
Stone Town,"The reviewer paid for a snorkeling activity that was not included in the tour package, and the guide was unaware of this, resulting in a lack of proper equipment.",Implement a pre-tour verification process to confirm all paid add-ons (like snorkeling) with the guide.; Ensure guides are briefed on all customer-specific inclusions before the tour begins.; Provide a clear mechanism for customers to communicate special requests or paid extras to the tour operator in advance.
Stone Town,"The reviewer complained about manipulative sales tactics, excessive staffing for a solo visitor, high prices, and an unsatisfied guide regarding the tip, deeming the tour a waste of time and money.",Implement strict guidelines prohibiting manipulative or emotional sales tactics by guides.; Review staffing ratios to ensure solo visitors are not assigned excessive assistants.; Audit spice farm pricing to ensure competitiveness compared to local markets.; Provide training for guides on professional handling of tipping expectations.
Jozani,The reviewer explicitly states that the guide at Jozani Forest was not very good and that they were left without a guide during a long 1-hour drive.,"Ensure a qualified guide is present with the group during the entire duration of the tour, including the 1-hour drive to Jozani Forest.; Investigate and retrain or replace the underperforming guide at Jozani Forest."
Stone Town,The review highlights safety concerns regarding the lack of life jackets on a bumpy boat ride and disappointment due to closed attractions and unengaging staff.,Mandate the provision and use of life jackets for all boat passengers.; Improve the smoothness of boat rides or provide better cushioning/seating.; Train tour representatives to be more engaging and proactive in selling tours.; Verify the operational status of historic attractions before booking to manage customer expectations.
Stone Town,"The review details severe safety hazards (broken boat engine, no life jackets), poor hygiene (filthy tent and table), and disrespectful customer service (ignoring requests to leave, mocking customers, no apology).","Implement rigorous pre-tour mechanical inspections for all boats to prevent engine failures.; Ensure all boats are equipped with functional life jackets for every passenger.; Upgrade and thoroughly clean the lunch tent and furniture to meet hygiene standards.; Train guides on customer service, specifically regarding handling complaints, respecting customer safety concerns, and providing apologies when service fails.; Establish a reliable emergency communication protocol with the tour agency to assist stranded customers."
Stone Town,The reviewer felt they were not given enough information about the history of Prison Island.,Ensure guides provide comprehensive historical context for Prison Island; Review and expand the script or talking points for the Prison Island stop to include more detailed history
Stone Town,The reviewer complains about overcrowding at the destinations and feels the Stone Town visit was rushed and poorly managed.,Implement crowd management strategies or suggest alternative time slots to reduce congestion at Prison Island and Nakupenda.; Extend the duration allocated for the Stone Town portion of the tour to allow for a more thorough and less rushed experience.
Stone Town,"The reviewer expresses dissatisfaction with the guide's lack of communication, describing him as 'nearly mute' despite being kind.",Conduct communication skills training for guides to ensure they are engaging and informative.; Implement a feedback mechanism to monitor guide performance regarding interaction levels.; Review guide assignments to ensure language proficiency and personality match the tour requirements.
Zanzibar,"The reviewer cites safety concerns due to proceeding in heavy rain, lack of communication regarding weather options, inadequate shelter causing delays, and unexpected inflated charges at the market.",Implement a clear weather policy that allows for rescheduling or cancellation if conditions become unsafe.; Improve pre-tour communication to inform clients about potential weather impacts and available options.; Ensure adequate shelter and contingency plans are in place for tour guides during adverse weather to minimize delays.; Investigate and address reports of inflated charges at partner venues like the Spicy Market to prevent conflicts of interest.
Old Dispensary,"The reviewer complains about unprofessional guide behavior, missed itinerary stops, lack of provided amenities like water, and insufficient time for meals.","Enforce strict policies against guide phone usage during tours and ensure senior guides actively participate rather than deferring to trainees.; Audit tour routes to ensure all promised Stone Town locations, such as the Old Dispensary, are visited and accessible.; Include complimentary water in the tour package or clearly state that it is not included to avoid unexpected costs for customers.; Adjust the tour schedule to include a dedicated break for lunch or snacks between pickup and drop-off times."
Zanzibar,"The reviewer experienced significant logistical delays, poor communication from the driver, and felt uncomfortable due to aggressive upselling tactics during the tour.","Implement strict punctuality protocols and require drivers to proactively communicate delays to clients.; Train guides to reduce or eliminate aggressive upselling of food, products, and shows to improve guest comfort.; Enhance the authenticity of the spice farm experience by increasing the variety and quantity of spices available for inspection to meet expectations of non-tourist-focused visitors."
Stone Town,"The customer paid for a Prison Island visit and water taxi that were not provided, and the refund request was ignored.",Update the tour description to accurately reflect the itinerary and exclude Prison Island if it is not included.; Implement a proactive refund policy for services not rendered as advertised.; Improve customer support responsiveness to address refund requests promptly.
Stone Town,"The tour description claims a Spice Farm visit is included, but the guide informed the customer it was no longer part of the tour.",Update the tour listing to remove the Spice Farm visit if it is no longer included.; Ensure guides are aligned with the current tour inclusions to avoid misleading customers.
Freddie Mercury Museum,"The review highlights multiple serious issues including billing discrepancies, unfulfilled inclusions, safety concerns regarding boat equipment, poor guide performance, and inadequate customer service.","Audit and correct billing practices to ensure charges align with advertised 'reserve now' policies.; Implement a system to automatically issue credits or refunds when included attractions are closed or unavailable on the tour date.; Mandate the provision of life jackets for all passengers on boats crossing open water.; Establish stricter vetting and training standards for guides, ensuring they possess adequate language skills and knowledge before leading tours.; Enforce the advertised pickup and drop-off policy, ensuring guides do not abandon guests to walk back to hotels.; Review and improve the quality and portion sizes of meals included in the tour package."
Michamvi,"The review details severe operational failures including incorrect tour times, missed pickup locations, unresponsive communication, poor quality equipment, and misleading inclusions regarding restaurant reservations.",Verify and correct advertised tour start times and itineraries to match actual operations.; Implement a reliable communication protocol for pickup confirmations and real-time updates to guests.; Ensure drivers have accurate navigation tools and clear instructions to locate hotels without circling.; Inspect and replace leaking or ill-fitting snorkel gear to ensure guest comfort and safety.; Clarify tour inclusions regarding The Rock Restaurant to prevent false expectations about reservations.
Jozani,The reviewer found the guide boring and explicitly stated that the rock restaurant was not to be recommended due to poor food quality.,Provide training for guides to improve engagement and storytelling during the Jozani forest segment.; Review the partnership with The Rock Restaurant or provide alternative dining options with higher quality food.
Stone Town,"The review highlights mechanical issues with the boat, a rushed itinerary that prevented enjoyment, lack of explanation for schedule changes, and unprofessional guide behavior.","Conduct regular maintenance checks on boats to prevent engine failures during tours.; Rebalance the daily itinerary to allow more time at key attractions like Jozani Forest and reduce rushed transitions.; Train guides to provide clear explanations for schedule changes and maintain professional conduct (e.g., not leaving guests to play with friends).; Improve guide language skills or provide multilingual support to better assist Spanish-speaking guests."
Mnemba,"The review describes a disastrous experience involving an unengaged guide, safety concerns with the boat, poor food quality and service, and significant discrepancies between the advertised tour and the actual experience.","Implement mandatory training for guides on customer engagement, communication, and multilingual support (English/French).; Ensure all boats used for excursions are equipped with proper safety gear, specifically life jackets, and verify vessel quality before departure.; Audit and upgrade the lunch venue to ensure hygiene standards, adequate portion sizes for the group, and a professional dining environment.; Revise the itinerary to ensure sufficient time at key locations (e.g., sunset beach) and provide clear explanations and context during the tour.; Review marketing materials to ensure photos and descriptions accurately reflect the actual conditions of the aquarium and beach to manage customer expectations."
Stone Town,"The reviewer complained about a boring and poorly guided tour, difficulty understanding the guide, inconsistent staffing, and hidden costs for entrance fees and tips.","Improve guide training to ensure better engagement, enthusiasm, and clear communication.; Standardize tour staffing to avoid handing off customers to different guides mid-tour.; Clearly disclose all additional costs (entrance fees, tips) during the booking process to avoid surprises.; Enhance the tour narrative and historical context to make the experience more engaging and less 'boring'."
Stone Town,"The review complains about misleading tour descriptions, lack of promised amenities (AC vehicle, water), poor guide knowledge, and unresponsiveness to refund requests.","Update tour descriptions to accurately reflect that the Stone Town portion is a walking tour in hot weather.; Ensure air-conditioned vehicle transport is provided for pickup and drop-off as advertised, or clearly state if walking is required.; Provide complimentary water to tourists during the tour.; Train guides to ensure they possess specialist knowledge of the historical sites.; Implement a clear and fair refund policy for services that do not match the advertised description.; Ensure guides arrive on time for pickups."
Kuza Cave,"The reviewer complained that the guide was tired and napping in the car, resulting in a lack of engagement during the tour.",Implement stricter monitoring of guide fatigue and ensure adequate rest periods before tours.; Provide training on maintaining high energy and engagement levels throughout the entire duration of the tour.; Consider rotating guides or adjusting schedules to prevent guides from being overworked.
Kuza Cave,"The reviewer reported hygiene issues (filthy toilets), lack of privacy (no changing rooms), and safety concerns (biting insects) at Kuza Cave.","Replace Kuza Cave with a better-equipped alternative like Malum Cave.; If retaining Kuza Cave, install proper changing facilities and improve toilet hygiene standards.; Provide insect repellent or protective gear for guests entering the water."
Paje Beach,The reviewer found Jozani Forest disappointing due to overcrowding.,"Implement crowd management strategies at Jozani Forest, such as timed entry tickets or guided group limits.; Promote off-peak visiting hours to tourists to reduce congestion."
Paje,The reviewer stated that The Rock restaurant was a disappointment compared to the photos they had seen.,Update marketing materials and photos of The Rock restaurant to accurately reflect the current state of the venue.; Conduct a quality audit of The Rock restaurant to identify and address any service or ambiance issues causing the discrepancy.
Kuza Cave,"The reviewer complained about unsafe driving, lack of safety equipment (lifejacket), and poor service from the driver who provided no information or guidance at stops.",Conduct safety training for drivers regarding speed limits and defensive driving.; Ensure life jackets are available and provided to customers at Kuza Cave.; Train drivers or provide them with detailed information sheets about Paje Beach and The Rock to answer customer questions.; Implement a policy where guides or drivers provide brief orientations at each stop rather than just dropping passengers off.
Jozani,The reviewer complains that the booked German-speaking service was not fully provided and that drinks were not offered as included in the booking.,"Ensure all guides on the tour package are proficient in the language specified at booking or provide a dedicated interpreter.; Audit the tour package inclusions to ensure all promised amenities, such as beverages, are consistently provided to customers."
Menai Bay,The reviewer complains that the tour is overpriced for the experience and that too much time is spent on transportation rather than activities.,Review and adjust pricing to better reflect the value provided or increase the duration of on-site activities.; Optimize the itinerary to reduce transit time between locations.; Clarify marketing materials to accurately describe whether the safari is private or shared.
Stone Town,"The reviewer expresses dissatisfaction with the guide's lack of knowledge regarding the history of Prison Island and Stone Town, and mentions negative experiences with hard sales tactics at markets.",Provide comprehensive historical training for guides covering Prison Island and Stone Town sites.; Implement policies to prevent or mitigate aggressive sales tactics by local vendors during the tour.; Curate the tour route to minimize exposure to high-pressure market areas or provide better context for them.
Stone Town,The reviewer notes that the guide's knowledge was lacking for the walking tour and Prison Island segments compared to the spice farm portion.,Conduct specific training sessions for guides on the history and details of Prison Island and Stone Town walking tours.; Implement a quality assurance check to ensure consistent knowledge levels across all tour segments.
Jozani,"The review highlights issues with the driver's poor English communication, the failure to provide a promised snack, and the inconvenience of requiring cash payment for entry.","Provide language training or hire bilingual drivers/guides to improve communication with international tourists.; Ensure that all promised amenities, such as snacks, are consistently provided during the tour.; Implement electronic payment options (credit cards, mobile payments) for entry fees to avoid the inconvenience of cash-only requirements."
House of Wonders,"The reviewer expressed disappointment due to high pickup fees, major attractions being closed, and requested a refund, stating the tour was not worth it.","Review and adjust the pricing structure for pickup services to ensure transparency and competitiveness.; Implement a policy to proactively inform customers about potential closures due to local events (elections, unrest) before booking.; Develop alternative itinerary options or backup sites for when primary attractions like the slave market or House of Wonders are closed.; Establish a clear and responsive refund policy for tours significantly impacted by external closures."
Dongwe,"The reviewer states that a necessary transfer option was not available, indicating a service gap.",Add transfer routes from Zanzibar airport to Dongwe to the available service options.
Stone Town,"The reviewer complains about a lack of prior warning regarding the need for cash and the heat, leading to inconvenience.",Update booking confirmations to explicitly warn customers to bring sufficient cash for tips and purchases.; Include information about the heat and recommended hydration/clothing in pre-tour instructions.
Stone Town,The reviewer experienced difficulty locating the meeting point due to imprecise location details.,Provide more precise and detailed meeting point instructions in booking confirmations.; Include a map or landmark reference for the meeting location.
Stone Town,"The reviewer complained about a lack of structure, unmet requests for breaks and an ATM, and insufficient historical information.",Implement a more structured itinerary to ensure consistent pacing and coverage.; Train guides to proactively offer or accommodate requests for breaks and drinks.; Provide guides with a list of nearby ATMs and efficient routes to them to reduce wait times.; Enhance guide training to include deeper historical context and narratives about Stone Town.
Freddie Mercury Museum,"The reviewer was disappointed that the Freddie Mercury museum, a key highlight, was not actually visited as part of the tour.",Update tour description to clarify that the Freddie Mercury museum is only viewed from the outside or not included.; Negotiate access to the Freddie Mercury museum to include it in the tour itinerary.; Provide alternative stops or extended time at other attractions to compensate for the lack of museum entry.
Paje,"The reviewer complained that the tour schedule was too rushed, allowing only 10-20 minutes at beach stops due to large displacement times, and mentioned being bitten twice during the turtle experience.",Adjust tour departure times to allow for longer stays at beach destinations; Optimize route logistics to reduce travel time between stops; Investigate and address safety protocols for the turtle interaction activity to prevent bites
Jozani,"The reviewer complains about a mismatch between the booked German-language tour and the actual experience, lack of basic amenities like water and lunch, and high prices that did not include entry fees.",Ensure tour guides match the language specified in the booking or clearly communicate limitations in advance.; Provide bottled water in the vehicle for all tours.; Include a lunch break or meal option in the Stone Town itinerary.; Clarify pricing structure to indicate whether entry fees are included or provide a transparent breakdown of additional costs.
Kwale Island,"The review highlights significant safety hazards including a broken rudder, slippery and dangerous disembarkation conditions, and poor boat maintenance.","Conduct immediate safety inspections and repairs on all boats, specifically focusing on rudder fastenings and structural integrity.; Implement strict tide and weather protocols to prevent departures or returns in conditions that create waist-high mud or strong swells.; Install or maintain proper jetty infrastructure at landing sites to eliminate the need for slippery, waist-high water exits.; Train crew on emergency procedures for mechanical failures like rudder breakage to ensure a controlled and safe response."
Jozani,"The reviewer was disappointed by being placed in a noisy group tour despite expecting a private experience, which hindered enjoyment, and criticized the limited selection of items at the spice farm.",Ensure private tour bookings are strictly honored and not merged with group tours without explicit consent.; Implement measures to manage group noise levels or enforce quiet zones during wildlife viewing to prevent disturbing animals and other guests.; Expand the variety and selection of products available for purchase at the spice farm.
Jozani,"The reviewer experienced significant scheduling errors, was forced into a group setting despite paying for a private tour, missed key itinerary items, and felt the service was disorganized and not worth the price.","Improve communication protocols to ensure pickup time changes are confirmed and managed effectively.; Strictly adhere to private tour contracts by not mixing private clients with group tours.; Enhance itinerary management to ensure all booked activities (beach, cave) are completed and clients are not dropped early.; Improve coordination between guides and local partners to prevent delays and ensure punctuality for reservations."
Zanzibar,The reviewer expressed disappointment over the lack of pre-tour communication and criticized the tour guide for being unengaging and appearing to fall asleep.,Implement automated email or WhatsApp confirmations and reminders prior to the tour.; Conduct performance reviews for tour guides to ensure engagement and attentiveness.; Provide training for guides on maintaining energy levels and delivering informative commentary.
Paje,"The reviewer expresses dissatisfaction with the tour's value, noting that a key activity (cave tour) was skipped and the experience felt like just driving.",Investigate why the cave tour was skipped for this group and ensure all booked activities are completed.; Review the itinerary to reduce excessive driving time and increase time spent at key attractions.; Improve the quality or selection of stops to ensure Paje Beach and other locations meet customer expectations.
Kuza Cave,"The reviewer describes the dolphin tour as dangerous and chaotic, notes a lack of safety warnings for the steep cave descent, and expresses surprise at an undisclosed deposit fee.",Implement safety protocols or limit the number of boats to prevent dangerous crowding during dolphin tours.; Provide clear pre-tour warnings and safety instructions regarding the steep and difficult descent into Kuza Cave.; Clearly disclose the $20 deposit requirement for the Rock restaurant in the booking details to avoid customer surprise.
Paje Beach,"The reviewer explicitly states this was their least favorite tour, citing excessive driving time, a rushed itinerary with too many activities, and intrusive dolphin handling practices.","Reduce the number of stops or split the tour into shorter packages to minimize driving time and allow more time at each location.; Implement stricter ethical guidelines for dolphin interactions to prevent boats from racing to corner animals and ensure a less intrusive experience.; Improve driver and captain engagement to ensure they are more interactive and attentive to tourists during the boat portion of the tour.; Optimize the route to reduce the 1.5-hour drive to the dolphin tour and the 2-hour return drive, or offer alternative pickup/drop-off points closer to the activity sites."
Kuza Cave,"The reviewer complains about poor time management, resulting in rushed visits to key locations and a lack of time for lunch.",Rebalance the tour itinerary to allocate more time to the Rock Restaurant and Kuza Cave.; Reduce the duration of the stay in the nature reserve to prevent rushing other stops.; Ensure sufficient time is scheduled for lunch or provide a packed meal option.
Kuza Cave,"The reviewer reports a discrepancy where promised snorkeling gear was not provided, forcing them to snorkel without equipment.",Ensure snorkeling gear is available and provided at the snorkeling spot as advertised.; Clarify package inclusions regarding snorkeling equipment to avoid customer confusion.
Zanzibar,"The review highlights severe operational failures including a 35-minute late pickup, unresponsive communication, poor lighting, hygiene issues with bugs on food, and a lack of privacy, resulting in a highly negative experience.",Implement strict punctuality protocols for drivers and establish reliable communication channels (phone/WhatsApp) for real-time updates.; Improve site setup to ensure adequate lighting for evening dining and implement pest control measures to keep insects away from food and guests.; Enhance the exclusivity and isolation of the dining area to match the premium price point and improve the overall ambiance.; Review and improve the quality of cocktails and bar service.
Zanzibar,The reviewer experienced a lack of communication regarding the absence of dolphins and uncertainty due to the guide disappearing for an extended period.,"Implement a protocol to inform guests immediately if expected wildlife (like dolphins) are not present, rather than waiting until the return journey.; Establish clear communication guidelines for guides to ensure they remain with the group or provide regular status updates if they need to step away."
Freddie Mercury Museum,"The reviewer noted that the guide was difficult to hear and understand at times, which hindered the quality of the tour experience.",Provide guides with portable microphones or speaking devices to ensure clarity in outdoor or noisy environments.; Conduct training on vocal projection and speaking pace to improve guest comprehension.
Stone Town,"The reviewer noted that no bottled water was provided during the tours, which was needed.",Provide bottled water to all guests during tours.
Stone Town,The reviewer complained about a guide with poor language skills and the lack of toilet or lunch breaks during a long tour.,Ensure guides assigned to Stone Town tours have sufficient language proficiency for the target audience.; Schedule mandatory toilet and lunch breaks for tours lasting longer than 4 hours.
Stone Town,"The reviewer complains that the tour guide failed to fill the time when the group skipped previously visited stops, resulting in a less engaging experience.",Train guides to adapt their commentary and fill time effectively when standard stops are skipped by repeat visitors.; Develop alternative activities or extended discussions for groups that have already seen key landmarks.
Stone Town,"The reviewer complained about the guide's tardiness, lack of communication, unprofessional behavior (phone usage), and poor value for money.",Implement a policy requiring guides to communicate delays to clients immediately via text or phone.; Enforce a strict no-phone-use policy during guided tours to ensure client engagement.; Conduct training on professional conduct and time management for tour guides.; Review the tour's content depth and pricing to ensure it meets customer expectations for value.
Stone Town,"The reviewer complained about the Stone Town guide's lack of engagement, poor communication, and failure to provide basic information.","Retrain Stone Town guides to maintain consistent engagement and communication with tourists.; Implement a protocol for guides to stay with the group and provide clear itineraries and timing updates.; Ensure guides provide essential factual information (e.g., history/age of Stone Town) as part of the tour script."
Mtende beach,"The reviewer experienced a significant delay due to the operator failing to locate them, lack of communication, and refusal to offer a refund or apology.","Improve tour operator check-in procedures to ensure guests are located promptly at the designated time.; Establish a reliable communication protocol (e.g., mandatory response to WhatsApp/calls) for tour operators.; Implement a service recovery policy that includes apologies and partial refunds for missed tour times or delays."
Stone Town,"The reviewer notes that the long tour duration (9am-3pm) lacks guidance on safe and traditional lunch options, forcing guests to bring their own snacks.","Provide a curated list of safe, traditional lunch spots near the tour route.; Include a mid-tour break with food recommendations or a catered lunch option."
Stone Town,"The reviewer complained that the boat ride to Prison Island was horrible due to the vessel being too small for the waves, causing physical discomfort.","Assess the suitability of the current boat size for typical sea conditions and consider upgrading to larger, more stable vessels.; Improve seating comfort on the boats by replacing hard board seats with cushioned or ergonomic seating.; Provide passengers with safety briefings and options for seating positions that minimize impact from waves."
